{"K": [[2110.98423100616, 0.0, 960.219026441234], [0.0, 2110.90250213762, 583.441811613573], [0.0, 0.0, 1.0]], "dist": [0.18778115503258, -0.167640764375083, -0.000327956890535637, -0.000269649649905981, -0.0837418064481891], "refined_K": [], "extrinsic": [[-0.8901234695697342, 0.45564489130940306, 0.008242690384873796, -2.2489726311648983], [-0.012549010555309492, -0.006426710293407245, -0.9999006049247533, -0.21439963382165486], [-0.4555466290680037, -0.8901384332891412, 0.011438458214801717, 11.634222703355174], [0.0, 0.0, 0.0, 1.0]]}